Workbook
Name ByteMang: GiaDinh!$C$12
Name BytePerGD: GiaDinh!$C$11
Name CongCoDay: GiaDinh!$C$17
Name GioNgay: GiaDinh!$C$9
Name HeSo: GiaDinh!$C$6
Name IPVlan30: GiaDinh!$C$20
Name KhoangCach: GiaDinh!$C$7
Name MaxGDNgay: GiaDinh!$C$21
Name MaxSP: GiaDinh!$C$22
Name MaxWifi: GiaDinh!$C$19
Name NamLuu: GiaDinh!$C$24
Name NangLuc: GiaDinh!$C$14
Name NAS: GiaDinh!$C$16
Name NgayNam: GiaDinh!$C$10
Name NguongCanhBao: GiaDinh!$C$23
Name SoBanSao: GiaDinh!$C$15
Name SoDiem: GiaDinh!$C$5
Name TiLeCoDay: GiaDinh!$C$18
Name TiLeTB: GiaDinh!$C$8
Name TocDoCong: GiaDinh!$C$13

Sheet GiaDinh
A1: ĐỀ TÀI 22 – GIẢ ĐỊNH CHO MÔ HÌNH ƯỚC LƯỢNG KHI TĂNG TỪ 2 LÊN 4 ĐIỂM QUÉT
A2: ĐÂY LÀ ƯỚC LƯỢNG, CHƯA ĐO THỰC TẾ. Chữ xanh = giả định nhập tay (sửa được). Nền vàng = giả định then chốt.
A4: Mã | B4: Giả định | C4: Giá trị | D4: Đơn vị | E4: Tên dùng trong công thức | F4: Nguồn / căn cứ
A5: G01 | B5: Số điểm quét hiện tại | C5: 2 | D5: điểm | E5: SoDiem | F5: Phiếu giao đề – yêu cầu 2 (mô phỏng 2 điểm quét)
A6: G02 | B6: Hệ số mở rộng số điểm quét | C6: 2 | D6: lần | E6: HeSo | F6: Phiếu giao đề – yêu cầu 4 (tăng gấp đôi)
A7: G03 | B7: Khoảng cách giữa 2 lần quét lúc cao điểm | C7: 3 | D7: giây/GD/điểm | E7: KhoangCach | F7: Giả định G2 của nhóm (03_ThietKeDuLieu, mục 2)
A8: G04 | B8: Tỉ lệ tải trung bình so với tải đỉnh | C8: 0.5 | D8: % | E8: TiLeTB | F8: Giả định nhóm: trong ca không quét liên tục
A9: G05 | B9: Giờ làm việc mỗi ngày | C9: 8 | D9: giờ | E9: GioNgay | F9: Giả định G2: 1 ca 8 giờ
A10: G06 | B10: Ngày làm việc mỗi năm | C10: 300 | D10: ngày | E10: NgayNam | F10: Giả định G2
A11: G07 | B11: Dung lượng CSDL cho mỗi giao dịch | C11: 301 | D11: byte | E11: BytePerGD | F11: ĐO THẬT: du_lieu/do_dung_luong.py ngày 26/10/2026, 100.000 GD (gồm bảng, 2 chỉ mục, AuditLog)
A12: G08 | B12: Dữ liệu mạng cho mỗi giao dịch (yêu cầu + phản hồi + TCP/HTTP) | C12: 2048 | D12: byte | E12: ByteMang | F12: Ước lượng: JSON ~250 B + header HTTP ~400 B mỗi chiều + bắt tay/đóng TCP; SV4 đo lại bằng Wireshark
A13: G09 | B13: Tốc độ cổng mạng nhỏ nhất trên đường đi | C13: 100 | D13: Mbit/s | E13: TocDoCong | F13: Cổng FastEthernet của switch 2960 (01_SoDoHaTang)
A14: G10 | B14: Năng lực xử lý ước lượng của máy chủ | C14: 50 | D14: GD/s | E14: NangLuc | F14: Giả định thận trọng = ½ kết quả chạy thử máy chủ giả lập (~100 GD/s, sheet ThuTai_GiaLap); SV4 đo trên máy chủ SV3
A15: G11 | B15: Số bản sao lưu giữ lại | C15: 11 | D15: bản | E15: SoBanSao | F15: Thiết kế sao lưu: 7 bản ngày + 4 bản tuần
A16: G12 | B16: Dung lượng NAS dùng được | C16: 1000 | D16: GB | E16: NAS | F16: NAS 2 × 1 TB RAID 1 (03_ThietKeDuLieu, mục 3.2)
... A24: G20 | B24: Thời gian lưu dữ liệu trong CSDL | C24: 1 | D24: năm | E24: NamLuu | F24: Giả định nhóm

Sheet UocLuong
A1: ĐỀ TÀI 22 – BẢNG ƯỚC LƯỢNG TÀI NGUYÊN: 2 ĐIỂM QUÉT → 4 ĐIỂM QUÉT
A2: ĐÂY LÀ ƯỚC LƯỢNG, CHƯA ĐO THỰC TẾ. Cột E–J là công thức từ sheet GiaDinh. Cột L–M (nền vàng) do SV4 điền số đo thực tế.
A4: STT | B4: Chỉ tiêu | C4: Đơn vị | D4: Công thức (diễn giải) | E4: 2 điểm quét | F4: 4 điểm quét | G4: Tăng (4/2) | H4: Giới hạn | I4: % dùng ở 4 điểm | J4: Đánh giá | K4: Thành phần cần xem xét | L4: Đo thực tế 2 điểm (SV4) | M4: Đo thực tế 4 điểm (SV4) | N4: Sai lệch ước lượng – đo (4 điểm)
A5: 1 | B5: Số điểm quét | C5: điểm | D5: G01 × (1 hoặc G02) | E5: =SoDiem -> 2 | F5: =SoDiem*HeSo -> 4 | G5: =IF(E5=0,"",F5/E5) -> 2 | H5: =MaxSP -> 99 | I5: =F5/H5 -> 0.04040404 | J5: =IF(I5>=1,"VƯỢT – phải nâng cấp",IF(I5>=NguongCanhBao,"Cảnh báo – lên kế hoạch","Đủ")) -> Đủ | K5: Bảng ScanPoints (SP##), giấy phép/tài khoản
A6: 2 | B6: Tải đỉnh | C6: GD/s | D6: Số điểm ÷ G03 | E6: =SoDiem/KhoangCach -> 0.66666667 | F6: =(SoDiem*HeSo)/KhoangCach -> 1.3333333 | G6: =IF(E6=0,"",F6/E6) -> 2 | H6: =NangLuc -> 50 | I6: =F6/H6 -> 0.026666667 | J6: =IF(I6>=1,"VƯỢT – phải nâng cấp",IF(I6>=NguongCanhBao,"Cảnh báo – lên kế hoạch","Đủ")) -> Đủ | K6: CPU/RAM máy chủ, khả năng ghi đồng thời của CSDL | N6: =IF(M6="","",(F6-M6)/M6)
A7: 3 | B7: Tải trung bình | C7: GD/s | D7: Tải đỉnh × G04 | E7: =SoDiem/KhoangCach*TiLeTB -> 0.33333333 | F7: =(SoDiem*HeSo)/KhoangCach*TiLeTB -> 0.66666667 | G7: =IF(E7=0,"",F7/E7) -> 2 | J7: —
A8: 4 | B8: Giao dịch/ngày/điểm quét (đỉnh) | C8: GD | D8: 3600 ÷ G03 × G05 | E8: =3600/KhoangCach*GioNgay -> 9600 | F8: =3600/KhoangCach*GioNgay -> 9600 | G8: =IF(E8=0,"",F8/E8) -> 1 | H8: =MaxGDNgay -> 9999 | I8: =F8/H8 -> 0.96009601 | J8: =IF(I8>=1,"VƯỢT – phải nâng cấp",IF(I8>=NguongCanhBao,"Cảnh báo – lên kế hoạch","Đủ")) -> Cảnh báo – lên kế hoạch | K8: Định dạng txn_id (4 chữ số)
A9: 5 | B9: Giao dịch/ngày toàn kho (đỉnh) | C9: GD | D9: Số điểm × STT 4 | E9: =SoDiem*3600/KhoangCach*GioNgay -> 19200 | F9: =(SoDiem*HeSo)*3600/KhoangCach*GioNgay -> 38400 | G9: =IF(E9=0,"",F9/E9) -> 2 | J9: — | N9: =IF(M9="","",(F9-M9)/M9)
A10: 6 | B10: Giao dịch/ngày toàn kho (trung bình) | C10: GD | D10: STT 5 × G04 | E10: =SoDiem*3600/KhoangCach*GioNgay*TiLeTB -> 9600 | F10: =(SoDiem*HeSo)*3600/KhoangCach*GioNgay*TiLeTB -> 19200 | G10: =IF(E10=0,"",F10/E10) -> 2 | J10: —
A11: 7 | B11: Giao dịch/năm (trung bình) | C11: GD | D11: STT 6 × G06 | E11: =SoDiem*3600/KhoangCach*GioNgay*TiLeTB*NgayNam -> 2880000 | F11: =(SoDiem*HeSo)*3600/KhoangCach*GioNgay*TiLeTB*NgayNam -> 5760000 | G11: =IF(E11=0,"",F11/E11) -> 2 | J11: —
A12: 8 | B12: CSDL tăng mỗi ngày (đỉnh) | C12: MB | D12: STT 5 × G07 ÷ 10^6 | E12: =SoDiem*3600/KhoangCach*GioNgay*BytePerGD/10^6 -> 5.7792 | F12: =(SoDiem*HeSo)*3600/KhoangCach*GioNgay*BytePerGD/10^6 -> 11.5584 | G12: =IF(E12=0,"",F12/E12) -> 2 | J12: — | K12: Ổ SSD máy chủ | N12: =IF(M12="","",(F12-M12)/M12)
A13: 9 | B13: CSDL sau thời gian lưu (trung bình) | C13: GB | D13: STT 7 × G07 × G20 ÷ 10^9 | E13: =SoDiem*3600/KhoangCach*GioNgay*TiLeTB*NgayNam*BytePerGD*NamLuu/10^9 -> 0.86688 | F13: =(SoDiem*HeSo)*3600/KhoangCach*GioNgay*TiLeTB*NgayNam*BytePerGD*NamLuu/10^9 -> 1.73376 | G13: =IF(E13=0,"",F13/E13) -> 2 | J13: — | K13: Ổ SSD máy chủ
A14: 10 | B14: CSDL sau thời gian lưu (cận trên – cả năm ở tải đỉnh) | C14: GB | D14: STT 5 × G06 × G07 × G20 ÷ 10^9 | E14: =SoDiem*3600/KhoangCach*GioNgay*NgayNam*BytePerGD*NamLuu/10^9 -> 1.73376 | F14: =(SoDiem*HeSo)*3600/KhoangCach*GioNgay*NgayNam*BytePerGD*NamLuu/10^9 -> 3.46752 | G14: =IF(E14=0,"",F14/E14) -> 2 | J14: — | K14: Ổ SSD máy chủ
A15: 11 | B15: Dung lượng sao lưu cần (cận trên) | C15: GB | D15: STT 10 × G11 | E15: =SoDiem*3600/KhoangCach*GioNgay*NgayNam*BytePerGD*NamLuu/10^9*SoBanSao -> 19.07136 | F15: =(SoDiem*HeSo)*3600/KhoangCach*GioNgay*NgayNam*BytePerGD*NamLuu/10^9*SoBanSao -> 38.14272 | G15: =IF(E15=0,"",F15/E15) -> 2 | H15: =NAS -> 1000 | I15: =F15/H15 -> 0.03814272 | J15: =IF(I15>=1,"VƯỢT – phải nâng cấp",IF(I15>=NguongCanhBao,"Cảnh báo – lên kế hoạch","Đủ")) -> Đủ | K15: NAS sao lưu, thời gian sao lưu
A16: 12 | B16: Băng thông đỉnh | C16: kbit/s | D16: Tải đỉnh × G08 × 8 ÷ 1000 | E16: =SoDiem/KhoangCach*ByteMang*8/1000 -> 10.922667 | F16: =(SoDiem*HeSo)/KhoangCach*ByteMang*8/1000 -> 21.845333 | G16: =IF(E16=0,"",F16/E16) -> 2 | H16: =TocDoCong*1000 -> 100000 | I16: =F16/H16 -> 0.00021845333 | J16: =IF(I16>=1,"VƯỢT – phải nâng cấp",IF(I16>=NguongCanhBao,"Cảnh báo – lên kế hoạch","Đủ")) -> Đủ | K16: Switch, AP Wi-Fi (thông lượng thật cần đo) | N16: =IF(M16="","",(F16-M16)/M16)
A17: 13 | B17: Cổng switch cho điểm quét có dây | C17: cổng | D17: LÀM TRÒN LÊN(Số điểm × G14) | E17: =ROUNDUP(SoDiem*TiLeCoDay,0) -> 1 | F17: =ROUNDUP((SoDiem*HeSo)*TiLeCoDay,0) -> 2 | G17: =IF(E17=0,"",F17/E17) -> 2 | H17: =CongCoDay -> 7 | I17: =F17/H17 -> 0.28571429 | J17: =IF(I17>=1,"VƯỢT – phải nâng cấp",IF(I17>=NguongCanhBao,"Cảnh báo – lên kế hoạch","Đủ")) -> Đủ | K17: Switch SW1-KHO (cổng dự phòng Fa0/12-16)
A18: 14 | B18: Máy quét dùng Wi-Fi | C18: thiết bị | D18: Số điểm − STT 13 | E18: =SoDiem-ROUNDUP(SoDiem*TiLeCoDay,0) -> 1 | F18: =(SoDiem*HeSo)-ROUNDUP((SoDiem*HeSo)*TiLeCoDay,0) -> 2 | G18: =IF(E18=0,"",F18/E18) -> 2 | H18: =MaxWifi -> 25 | I18: =F18/H18 -> 0.08 | J18: =IF(I18>=1,"VƯỢT – phải nâng cấp",IF(I18>=NguongCanhBao,"Cảnh báo – lên kế hoạch","Đủ")) -> Đủ | K18: AP-KHO: vùng phủ, số máy kết nối
A19: 15 | B19: Địa chỉ IP cần trong VLAN 30 | C19: địa chỉ | D19: Số điểm + 1 (quản lý AP) | E19: =SoDiem+1 -> 3 | F19: =(SoDiem*HeSo)+1 -> 5 | G19: =IF(E19=0,"",F19/E19) -> 1.6666667 | H19: =IPVlan30 -> 253 | I19: =F19/H19 -> 0.019762846 | J19: =IF(I19>=1,"VƯỢT – phải nâng cấp",IF(I19>=NguongCanhBao,"Cảnh báo – lên kế hoạch","Đủ")) -> Đủ | K19: Quy hoạch IP, dải DHCP
A20: 16 | B20: Tài khoản NHANVIEN (1 người/điểm/ca) | C20: tài khoản | D20: Số điểm | E20: =SoDiem -> 2 | F20: =(SoDiem*HeSo) -> 4 | G20: =IF(E20=0,"",F20/E20) -> 2 | J20: — | K20: Bảng Users, phân quyền
A21: 17 | B21: Độ trễ phản hồi p95 (yêu cầu thiết kế) | C21: ms | D21: Không ước lượng – chỉ đo. Yêu cầu ≤ 500 ms (máy khách chờ tối đa 5 s) | H21: 500 | I21: =IF(M21="","",M21/H21) | J21: =IF(M21="","Chờ SV4 đo",IF(I21>=1,"VƯỢT – phải nâng cấp",IF(I21>=NguongCanhBao,"Cảnh báo – lên kế hoạch","Đủ"))) -> Chờ SV4 đo | K21: Máy chủ, mạng
B23: Chú thích màu: chữ xanh dương = số nhập tay · chữ xanh lá = lấy từ sheet GiaDinh · chữ đen = công thức tính · nền vàng = ô SV4 điền số đo · nền xám = chỉ tiêu không đo trực tiếp.
B24: Ví dụ cách điền: chạy tai_thu/tai_thu.py trên máy chủ SV3, lấy 'Thông lượng giao dịch mới (GD/s)' của kịch bản 4_diem_quet trong tong_hop.md điền vào M6; p95 điền vào M21.

Sheet KetLuan
A1: ĐỀ TÀI 22 – KẾT LUẬN ƯỚC LƯỢNG (tự cập nhật theo sheet GiaDinh)
A2: ĐÂY LÀ ƯỚC LƯỢNG, CHƯA ĐO THỰC TẾ – cần SV4 đo để xác nhận.
A4: STT | B4: Nhận định (công thức)
A5: 1 | B5: ="Tải đỉnh tăng từ "&FIXED(UocLuong!E6,2)&" lên "&FIXED(UocLuong!F6,2)&" GD/s, chiếm "&FIXED(UocLuong!I6*100,1)&"%"&" năng lực máy chủ ước lượng ("&NangLuc&" GD/s) → "&UocLuong!J6&"." -> Tải đỉnh tăng từ 0,67 lên 1,33 GD/s, chiếm 2,7% năng lực máy chủ ước lượng (50 GD/s) → Đủ.
A6: 2 | B6: ="Băng thông đỉnh khoảng "&FIXED(UocLuong!F16,1)&" kbit/s ở 4 điểm, chỉ bằng "&FIXED(UocLuong!I16*100,3)&"%"&" cổng "&TocDoCong&" Mbit/s → mạng LAN không phải điểm nghẽn." -> Băng thông đỉnh khoảng 21,8 kbit/s ở 4 điểm, chỉ bằng 0,022% cổng 100 Mbit/s → mạng LAN không phải điểm nghẽn.
A7: 3 | B7: ="CSDL tăng tối đa "&FIXED(UocLuong!F12,1)&" MB/ngày; sau "&NamLuu&" năm cận trên "&FIXED(UocLuong!F14,2)&" GB; sao lưu "&SoBanSao&" bản cần "&FIXED(UocLuong!F15,1)&" GB = "&FIXED(UocLuong!I15*100,1)&"%"&" NAS → "&UocLuong!J15&"." -> CSDL tăng tối đa 11,6 MB/ngày; sau 1 năm cận trên 3,47 GB; sao lưu 11 bản cần 38,1 GB = 3,8% NAS → Đủ.
A8: 4 | B8: ="Cổng switch có dây cần "&UocLuong!F17&"/"&CongCoDay&" cổng dự phòng; máy quét Wi-Fi "&UocLuong!F18&"/"&MaxWifi&" trên 1 AP; IP VLAN 30 "&UocLuong!F19&"/"&IPVlan30&" → không phải mua thêm thiết bị mạng, chỉ cắm vào cổng dự phòng Fa0/12-13." -> Cổng switch có dây cần 2/7 cổng dự phòng; máy quét Wi-Fi 2/25 trên 1 AP; IP VLAN 30 5/253 → không phải mua thêm thiết bị mạng, chỉ cắm vào cổng dự phòng Fa0/12-13.
A9: 5 | B9: ="Mỗi điểm quét sinh tối đa "&FIXED(UocLuong!E8,0)&" GD/ngày, bằng "&FIXED(UocLuong!I8*100,1)&"%"&" giới hạn "&FIXED(MaxGDNgay,0)&" của txn_id → "&UocLuong!J8&". Không phụ thuộc số điểm; chạy 2 ca trở lên phải tăng lên 5 chữ số." -> Mỗi điểm quét sinh tối đa 9.600 GD/ngày, bằng 96,0% giới hạn 9.999 của txn_id → Cảnh báo – lên kế hoạch. Không phụ thuộc số điểm; chạy 2 ca trở lên phải tăng lên 5 chữ số.
A10: 6 | B10: Việc phải làm khi thêm SP03, SP04: chạy du_lieu/seed_mo_rong_4_diem.sql (khai báo ScanPoints + tài khoản nv03, nv04), cắm máy vào Fa0/12-13 hoặc Wi-Fi KHO-QUETMA, cập nhật bảng IP.
A11: 7 | B11: Thành phần cần theo dõi khi tăng tiếp: (1) năng lực ghi CSDL – SQLite một luồng ghi, chuyển PostgreSQL khi nhiều kho / hàng chục điểm; (2) vùng phủ và số máy trên AP – cần khảo sát sóng thật; (3) thời gian sao lưu khi CSDL lớn; (4) UPS cho máy chủ + switch.
A12: 8 | B12: Giới hạn của mô hình: G08 (byte mạng/GD) và G10 (năng lực máy chủ) là giả định chưa đo trên hệ thống thật; Packet Tracer không chứng minh thông lượng hay vùng phủ Wi-Fi. SV4 điền cột L–M sheet UocLuong để kiểm chứng.

Sheet ThuTai_GiaLap
A1: KẾT QUẢ CHẠY THỬ SCRIPT TẢI VỚI MÁY CHỦ GIẢ LẬP (27/10/2026)
A2: KHÔNG PHẢI SỐ ĐO HỆ THỐNG THẬT – chỉ để thử script và làm căn cứ chọn giả định G10. Nguồn: tai_thu/ket_qua/*THU_GIA_LAP*/tong_hop.md
A4: Chỉ tiêu | B4: Nhịp 3 s – 2 điểm | C4: Nhịp 3 s – 4 điểm | D4: Gắng sức – 2 điểm | E4: Gắng sức – 4 điểm
A5: Thời gian mỗi kịch bản (s) | B5: 15 | C5: 15 | D5: 10 | E5: 10
A6: Tổng yêu cầu | B6: 10 | C6: 20 | D6: 814 | E6: 1044
A7: Giao dịch mới thành công (201) | B7: 9 | C7: 19 | D7: 767 | E7: 998
A8: Gửi trùng / nhận 409 | B8: 46023 | C8: 46023 | D8: 47 / 47 | E8: 46 / 46
A9: Thông lượng giao dịch mới (GD/s) | B9: 0.6 | C9: 1.267 | D9: 76.7 | E9: 99.8
A10: Độ trễ trung bình (ms) | B10: 21.44 | C10: 24.13 | D10: 24.52 | E10: 38.27
A11: Độ trễ p95 (ms) | B11: 35.69 | C11: 39.19 | D11: 41.94 | E11: 74.51
A12: Độ trễ lớn nhất (ms) | B12: 39.77 | C12: 45.22 | D12: 68.4 | E12: 219.2
A13: Lỗi không mong đợi | B13: 0 | C13: 0 | D13: 0 | E13: 0
A14: Đối chiếu tồn sau tải (all_match) | B14: TRUE | C14: TRUE | D14: TRUE | E14: TRUE
A16: Máy chạy thử: laptop của SV1, Windows 11, Python 3.13.2, SQLite 3.45.3, máy chủ giả lập cong_cu_thu/may_chu_gia_lap.py, cổng 18080 (8080 đang bị chương trình khác dùng).
